<?xml version="1.0" encoding="UTF-8"?>
<project-private xmlns="http://www.netbeans.org/ns/project-private/1">
    <editor-bookmarks xmlns="http://www.netbeans.org/ns/editor-bookmarks/2" lastBookmarkId="0"/>
    <open-files xmlns="http://www.netbeans.org/ns/projectui-open-files/2">
        <group>
            <file>file:/H:/NetBeansProjects/Napakalaki-P5/src/GUI/NapakalakiView.java</file>
            <file>file:/H:/NetBeansProjects/Napakalaki-P5/src/GUI/BadConsequenceView.java</file>
            <file>file:/H:/NetBeansProjects/Napakalaki-P5/src/GUI/Dice.java</file>
            <file>file:/H:/NetBeansProjects/Napakalaki-P5/src/napakalaki/Player.java</file>
            <file>file:/H:/NetBeansProjects/Napakalaki-P5/src/napakalaki/NumericBadConsequence.java</file>
            <file>file:/H:/NetBeansProjects/Napakalaki-P5/src/napakalaki/Napakalaki.java</file>
            <file>file:/H:/NetBeansProjects/Napakalaki-P5/src/napakalaki/CultistPlayer.java</file>
        </group>
    </open-files>
</project-private>
